UTC,LocalDate,LocalTime,Timezone,Exercise Type,Pulse 1,Pulse 2,Control Pause 1,Control Pause 2,Max Pause 1,Max Pause 2,Max Pause 3,Note
2025-06-27T19:52:31.250Z,2025-06-28,07:52,Pacific/Auckland,classical,0,0,17,27,27,35,42,
2025-06-28T07:48:04.991Z,2025-06-28,19:48,Pacific/Auckland,classical,0,0,25,27,32,45,50,
2025-06-28T10:47:07.655Z,2025-06-28,22:47,Pacific/Auckland,classical,0,0,17,30,26,32,48,
2025-06-28T20:36:23.567Z,2025-06-29,08:36,Pacific/Auckland,classical,0,0,21,31,31,38,48,
2025-06-29T03:23:07.971Z,2025-06-29,15:23,Pacific/Auckland,classical,0,0,20,22,27,36,41,
2025-06-29T10:07:08.363Z,2025-06-29,22:07,Pacific/Auckland,classical,0,0,23,26,27,34,45,
2025-06-30T04:36:08.606Z,2025-06-30,16:36,Pacific/Auckland,classical,0,0,30,28,37,45,62,
2025-06-30T08:42:56.250Z,2025-06-30,20:42,Pacific/Auckland,classical,0,0,22,24,27,37,44,
2025-06-30T19:14:18.553Z,2025-07-01,07:14,Pacific/Auckland,classical,0,0,18,32,31,49,55,
2025-07-02T19:11:05.905Z,2025-07-03,07:11,Pacific/Auckland,classical,0,0,23,28,28,40,53,
2025-07-02T23:04:33.791Z,2025-07-03,11:04,Pacific/Auckland,classical,0,0,23,34,40,54,62,
2025-07-03T10:33:11.399Z,2025-07-03,22:33,Pacific/Auckland,classical,0,0,22,24,24,30,41,
2025-07-03T19:17:56.057Z,2025-07-04,07:17,Pacific/Auckland,classical,0,0,19,27,30,43,55,
2025-07-04T01:57:44.262Z,2025-07-04,13:57,Pacific/Auckland,classical,0,0,28,27,38,49,58,
2025-07-04T06:29:13.799Z,2025-07-04,18:29,Pacific/Auckland,classical,0,0,32,40,41,54,65,
2025-07-04T10:19:29.285Z,2025-07-04,22:19,Pacific/Auckland,classical,0,0,28,34,31,49,62,
2025-07-04T21:38:41.425Z,2025-07-05,09:38,Pacific/Auckland,classical,0,0,21,30,29,37,56,
2025-07-05T04:44:12.653Z,2025-07-05,16:44,Pacific/Auckland,classical,0,0,22,23,31,40,33,
2025-07-05T19:04:09.777Z,2025-07-06,07:04,Pacific/Auckland,classical,0,0,18,31,30,49,62,
2025-07-06T19:10:20.141Z,2025-07-07,07:10,Pacific/Auckland,classical,0,0,15,21,28,43,53,
2025-07-06T22:27:51.637Z,2025-07-07,10:27,Pacific/Auckland,classical,0,0,18,33,35,51,68,
2025-07-07T09:36:58.789Z,2025-07-07,21:36,Pacific/Auckland,classical,0,0,22,25,26,40,51,
2025-07-07T18:37:18.745Z,2025-07-08,06:37,Pacific/Auckland,classical,0,0,26,28,33,44,58,
2025-07-08T02:40:41.115Z,2025-07-08,14:40,Pacific/Auckland,classical,0,0,25,33,30,45,53,
2025-07-08T08:57:53.510Z,2025-07-08,20:57,Pacific/Auckland,classical,0,0,22,23,29,43,52,
2025-07-08T18:11:31.684Z,2025-07-09,06:11,Pacific/Auckland,classical,0,0,21,24,26,42,52,
2025-07-09T00:12:36.713Z,2025-07-09,12:12,Pacific/Auckland,classical,0,0,19,19,27,43,40,
2025-07-09T02:48:11.455Z,2025-07-09,14:48,Pacific/Auckland,classical,0,0,22,26,25,31,41,
2025-07-09T10:02:33.111Z,2025-07-09,22:02,Pacific/Auckland,classical,0,0,22,26,28,40,41,
2025-07-09T18:59:32.552Z,2025-07-10,06:59,Pacific/Auckland,classical,0,0,21,29,31,50,60,
2025-07-09T23:07:18.462Z,2025-07-10,11:07,Pacific/Auckland,classical,0,0,18,21,29,38,45,
2025-07-10T05:12:10.957Z,2025-07-10,17:12,Pacific/Auckland,classical,0,0,19,29,34,56,71,
2025-07-10T18:13:54.157Z,2025-07-11,06:13,Pacific/Auckland,classical,0,0,19,29,32,55,60,
2025-07-11T08:26:15.040Z,2025-07-11,20:26,Pacific/Auckland,classical,0,0,17,25,28,45,49,
2025-07-11T19:05:09.966Z,2025-07-12,07:05,Pacific/Auckland,classical,0,0,20,23,31,47,56,
2025-07-12T02:56:29.173Z,2025-07-12,14:56,Pacific/Auckland,classical,0,0,21,26,27,43,55,
2025-07-12T09:59:09.278Z,2025-07-12,21:59,Pacific/Auckland,classical,0,0,20,20,27,32,40,
2025-07-12T19:06:24.032Z,2025-07-13,07:06,Pacific/Auckland,classical,0,0,27,33,33,54,61,
2025-07-13T04:32:40.359Z,2025-07-13,16:32,Pacific/Auckland,classical,0,0,22,29,29,42,50,
2025-07-13T06:45:35.415Z,2025-07-13,18:45,Pacific/Auckland,classical,0,0,20,37,30,49,57,
2025-07-13T21:01:14.179Z,2025-07-14,09:01,Pacific/Auckland,classical,0,0,21,37,32,55,61,
2025-07-14T05:27:07.572Z,2025-07-14,17:27,Pacific/Auckland,classical,0,0,15,32,29,35,51,
2025-07-15T09:50:11.803Z,2025-07-15,21:50,Pacific/Auckland,classical,0,0,25,31,31,43,62,
2025-07-15T19:05:10.341Z,2025-07-16,07:05,Pacific/Auckland,classical,0,0,21,30,32,61,67,
2025-07-15T19:29:29.399Z,2025-07-16,07:29,Pacific/Auckland,classical,0,0,22,35,33,53,60,
2025-07-16T02:59:14.922Z,2025-07-16,14:59,Pacific/Auckland,classical,0,0,21,25,28,42,55,
2025-07-16T09:46:29.401Z,2025-07-16,21:46,Pacific/Auckland,classical,0,0,22,31,35,55,65,
2025-07-16T19:10:48.273Z,2025-07-17,07:10,Pacific/Auckland,classical,0,0,20,32,36,54,64,
2025-07-16T21:22:03.389Z,2025-07-17,09:22,Pacific/Auckland,classical,0,0,25,35,36,55,72,
2025-07-17T01:30:57.609Z,2025-07-17,13:30,Pacific/Auckland,classical,0,0,22,25,27,45,52,
2025-07-17T10:09:57.571Z,2025-07-17,22:09,Pacific/Auckland,classical,0,0,18,28,31,43,53,
2025-07-17T18:53:58.455Z,2025-07-18,06:53,Pacific/Auckland,classical,0,0,24,32,37,48,63,
2025-07-18T09:42:23.021Z,2025-07-18,21:42,Pacific/Auckland,classical,0,0,21,24,29,40,51,
2025-07-19T03:11:36.428Z,2025-07-19,15:11,Pacific/Auckland,classical,0,0,19,32,33,52,64,
2025-07-19T09:45:59.597Z,2025-07-19,21:45,Pacific/Auckland,classical,0,0,21,23,28,36,46,
2025-07-19T18:49:37.166Z,2025-07-20,06:49,Pacific/Auckland,classical,0,0,30,30,36,49,65,
2025-07-20T01:37:32.165Z,2025-07-20,13:37,Pacific/Auckland,classical,0,0,19,26,29,43,52,
2025-07-20T05:46:01.243Z,2025-07-20,17:46,Pacific/Auckland,classical,0,0,24,40,37,61,72,
2025-07-20T19:04:45.166Z,2025-07-21,07:04,Pacific/Auckland,classical,0,0,25,33,35,54,70,
2025-07-21T03:51:15.036Z,2025-07-21,15:51,Pacific/Auckland,classical,0,0,24,44,36,50,81,
2025-07-21T19:02:34.337Z,2025-07-22,07:02,Pacific/Auckland,classical,0,0,23,29,31,54,61,
2025-07-22T04:19:49.369Z,2025-07-22,16:19,Pacific/Auckland,classical,0,0,22,35,38,52,72,
2025-07-22T10:02:46.962Z,2025-07-22,22:02,Pacific/Auckland,classical,0,0,24,26,32,46,54,
2025-07-22T18:54:30.740Z,2025-07-23,06:54,Pacific/Auckland,classical,0,0,26,36,36,52,74,
2025-07-23T00:29:12.357Z,2025-07-23,12:29,Pacific/Auckland,classical,0,0,24,29,29,47,54,
2025-07-23T10:15:51.595Z,2025-07-23,22:15,Pacific/Auckland,classical,0,0,26,32,33,46,63,
2025-07-24T02:45:59.525Z,2025-07-24,14:45,Pacific/Auckland,classical,0,0,26,32,37,53,70,
2025-07-24T09:04:42.942Z,2025-07-24,21:04,Pacific/Auckland,classical,0,0,22,27,34,45,54,
2025-07-24T19:02:59.845Z,2025-07-25,07:02,Pacific/Auckland,classical,0,0,26,29,34,54,66,
2025-07-24T21:45:59.065Z,2025-07-25,09:45,Pacific/Auckland,classical,0,0,22,33,32,56,84,
2025-07-25T04:46:13.150Z,2025-07-25,16:46,Pacific/Auckland,classical,0,0,26,35,40,55,80,
2025-07-25T18:08:09.784Z,2025-07-26,06:08,Pacific/Auckland,classical,0,0,23,31,32,53,67,
2025-07-25T21:11:21.776Z,2025-07-26,09:11,Pacific/Auckland,classical,0,0,30,33,43,61,75,
2025-07-26T05:05:14.955Z,2025-07-26,17:05,Pacific/Auckland,classical,0,0,25,31,34,54,72,
2025-07-26T18:53:51.445Z,2025-07-27,06:53,Pacific/Auckland,classical,76,68,26,34,32,52,86,
2025-07-27T03:28:36.440Z,2025-07-27,15:28,Pacific/Auckland,classical,72,72,25,30,36,48,65,
2025-07-27T18:15:43.433Z,2025-07-28,06:15,Pacific/Auckland,classical,72,68,24,31,34,50,72,
2025-07-27T20:53:49.957Z,2025-07-28,08:53,Pacific/Auckland,classical,72,68,27,34,37,58,76,
2025-07-28T03:49:00.056Z,2025-07-28,15:49,Pacific/Auckland,classical,72,68,23,32,34,53,75,
2025-07-28T10:07:35.393Z,2025-07-28,22:07,Pacific/Auckland,classical,72,64,24,24,30,45,61,
2025-07-28T21:24:32.247Z,2025-07-29,09:24,Pacific/Auckland,classical,76,68,26,33,39,52,66,
2025-07-29T04:40:47.816Z,2025-07-29,16:40,Pacific/Auckland,classical,72,72,22,30,33,49,72,
2025-07-29T09:24:01.290Z,2025-07-29,21:24,Pacific/Auckland,classical,72,68,21,22,32,44,50,
2025-07-29T19:07:07.768Z,2025-07-30,07:07,Pacific/Auckland,classical,72,64,17,27,28,51,72,
2025-07-30T04:02:53.624Z,2025-07-30,16:02,Pacific/Auckland,classical,68,64,25,31,35,52,64,
2025-07-30T08:31:00.529Z,2025-07-30,20:31,Pacific/Auckland,classical,72,68,16,22,31,41,56,
2025-07-30T22:28:28.557Z,2025-07-31,10:28,Pacific/Auckland,classical,72,68,23,28,33,53,91,
2025-07-31T05:26:39.886Z,2025-07-31,17:26,Pacific/Auckland,classical,72,68,24,31,30,48,62,
2025-07-31T18:52:52.456Z,2025-08-01,06:52,Pacific/Auckland,classical,76,64,22,30,31,51,75,
2025-08-01T04:26:52.147Z,2025-08-01,16:26,Pacific/Auckland,classical,68,64,25,27,38,58,73,
2025-08-01T09:49:06.953Z,2025-08-01,21:49,Pacific/Auckland,classical,68,64,22,29,37,50,75,
2025-08-01T18:11:11.604Z,2025-08-02,06:11,Pacific/Auckland,classical,68,68,21,26,35,51,66,
2025-08-01T21:18:10.392Z,2025-08-02,09:18,Pacific/Auckland,classical,76,68,25,34,37,53,84,
2025-08-02T02:52:53.994Z,2025-08-02,14:52,Pacific/Auckland,classical,72,68,22,26,31,51,68,
2025-08-02T09:57:35.249Z,2025-08-02,21:57,Pacific/Auckland,classical,72,64,24,26,31,53,72,
2025-08-02T18:46:41.904Z,2025-08-03,06:46,Pacific/Auckland,classical,72,68,28,39,40,54,77,
2025-08-03T03:26:58.705Z,2025-08-03,15:26,Pacific/Auckland,classical,72,72,27,33,40,71,83,
2025-08-03T18:53:28.694Z,2025-08-04,06:53,Pacific/Auckland,classical,72,68,23,26,40,57,81,
2025-08-03T21:23:38.370Z,2025-08-04,09:23,Pacific/Auckland,classical,68,68,26,29,35,57,76,
2025-08-04T04:44:33.390Z,2025-08-04,16:44,Pacific/Auckland,classical,72,72,24,31,37,59,77,
2025-08-04T10:41:52.374Z,2025-08-04,22:41,Pacific/Auckland,classical,76,68,21,23,30,47,63,
2025-08-04T18:31:38.195Z,2025-08-05,06:31,Pacific/Auckland,classical,68,68,26,26,36,56,76,
2025-08-04T21:19:39.387Z,2025-08-05,09:19,Pacific/Auckland,classical,64,64,30,35,41,64,84,
2025-08-05T04:02:20.598Z,2025-08-05,16:02,Pacific/Auckland,classical,72,68,27,36,37,60,77,
2025-08-05T07:20:22.791Z,2025-08-05,19:20,Pacific/Auckland,classical,68,68,25,27,33,48,67,
2025-08-05T18:00:57.152Z,2025-08-06,06:00,Pacific/Auckland,classical,68,68,23,33,34,54,70,
2025-08-05T21:15:35.369Z,2025-08-06,09:15,Pacific/Auckland,classical,68,64,26,27,39,60,77,
2025-08-06T05:38:29.526Z,2025-08-06,17:38,Pacific/Auckland,classical,68,60,22,34,34,58,66,
2025-08-06T10:41:25.413Z,2025-08-06,22:41,Pacific/Auckland,classical,68,60,23,34,35,56,74,
2025-08-06T18:43:44.541Z,2025-08-07,06:43,Pacific/Auckland,classical,68,64,23,24,33,47,73,
2025-08-06T20:51:32.692Z,2025-08-07,08:51,Pacific/Auckland,classical,68,64,23,32,37,52,75,
2025-08-07T04:10:56.754Z,2025-08-07,16:10,Pacific/Auckland,classical,72,68,25,33,31,51,61,
2025-08-07T17:28:45.709Z,2025-08-08,05:28,Pacific/Auckland,classical,72,68,21,27,32,55,82,
2025-08-07T21:33:13.854Z,2025-08-08,09:33,Pacific/Auckland,classical,68,64,29,32,36,53,82,
2025-08-08T03:52:10.568Z,2025-08-08,15:52,Pacific/Auckland,classical,68,68,25,30,36,53,61,
2025-08-08T10:10:51.488Z,2025-08-08,22:10,Pacific/Auckland,classical,72,68,21,33,33,52,70,
2025-08-08T20:13:32.390Z,2025-08-09,08:13,Pacific/Auckland,classical,64,64,22,33,37,52,85,
2025-08-08T22:24:09.254Z,2025-08-09,10:24,Pacific/Auckland,classical,64,64,25,35,33,56,81,
2025-08-09T04:55:12.308Z,2025-08-09,16:55,Pacific/Auckland,classical,68,56,27,31,36,55,70,
2025-08-09T17:29:07.075Z,2025-08-10,05:29,Pacific/Auckland,classical,68,60,27,32,32,51,71,
2025-08-09T21:01:19.296Z,2025-08-10,09:01,Pacific/Auckland,classical,76,68,24,34,33,54,73,
2025-08-10T09:21:54.566Z,2025-08-10,21:21,Pacific/Auckland,classical,68,64,31,35,41,64,84,
2025-08-10T20:14:42.331Z,2025-08-11,08:14,Pacific/Auckland,classical,72,68,31,34,40,58,73,
2025-08-11T03:58:32.799Z,2025-08-11,15:58,Pacific/Auckland,classical,68,60,23,27,30,40,62,
2025-08-11T21:19:44.968Z,2025-08-12,09:19,Pacific/Auckland,classical,68,64,26,27,34,54,76,
2025-08-12T03:42:32.062Z,2025-08-12,15:42,Pacific/Auckland,classical,68,68,24,29,33,48,73,
2025-08-12T18:32:20.218Z,2025-08-13,06:32,Pacific/Auckland,classical,68,68,23,30,36,58,76,
2025-08-12T20:35:36.631Z,2025-08-13,08:35,Pacific/Auckland,classical,72,64,29,33,34,60,77,
2025-08-13T05:04:42.336Z,2025-08-13,17:04,Pacific/Auckland,classical,64,72,29,32,41,55,75,
2025-08-13T18:13:01.997Z,2025-08-14,06:13,Pacific/Auckland,classical,64,64,29,34,34,53,81,
2025-08-14T04:09:50.689Z,2025-08-14,16:09,Pacific/Auckland,classical,76,68,28,29,39,53,77,
2025-08-14T17:58:39.358Z,2025-08-15,05:58,Pacific/Auckland,classical,32,64,24,34,37,56,79,
2025-08-15T05:08:15.741Z,2025-08-15,17:08,Pacific/Auckland,classical,72,64,34,43,42,62,101,
2025-08-15T18:15:17.155Z,2025-08-16,06:15,Pacific/Auckland,classical,68,56,31,30,41,58,92,
2025-08-16T05:00:48.886Z,2025-08-16,17:00,Pacific/Auckland,classical,72,64,28,37,34,56,71,
2025-08-16T17:55:29.480Z,2025-08-17,05:55,Pacific/Auckland,classical,72,64,26,27,35,56,81,
2025-08-16T20:41:12.163Z,2025-08-17,08:41,Pacific/Auckland,classical,72,64,24,33,37,55,81,
2025-08-17T04:20:32.281Z,2025-08-17,16:20,Pacific/Auckland,classical,68,56,23,31,40,61,73,
2025-08-17T20:43:54.918Z,2025-08-18,08:43,Pacific/Auckland,classical,72,60,26,33,35,53,75,
2025-08-18T05:56:44.864Z,2025-08-18,17:56,Pacific/Auckland,classical,72,60,28,40,41,61,92,
2025-08-18T17:58:41.649Z,2025-08-19,05:58,Pacific/Auckland,classical,76,64,22,27,33,52,72,
2025-08-19T01:37:17.837Z,2025-08-19,13:37,Pacific/Auckland,classical,80,68,24,29,31,51,66,
2025-08-19T18:04:11.706Z,2025-08-20,06:04,Pacific/Auckland,classical,72,68,23,32,37,61,81,
2025-08-20T10:10:35.249Z,2025-08-20,22:10,Pacific/Auckland,classical,68,68,25,26,33,51,64,
2025-08-20T18:24:02.770Z,2025-08-21,06:24,Pacific/Auckland,classical,76,68,29,32,57,81,81,
2025-08-21T18:12:47.041Z,2025-08-22,06:12,Pacific/Auckland,classical,68,64,30,38,41,65,83,
2025-08-22T04:07:14.110Z,2025-08-22,16:07,Pacific/Auckland,classical,72,68,33,36,43,60,83,
2025-08-22T21:17:42.897Z,2025-08-23,09:17,Pacific/Auckland,classical,68,60,24,30,38,51,61,
2025-08-23T08:51:09.862Z,2025-08-23,20:51,Pacific/Auckland,classical,76,72,25,26,38,55,73,
2025-08-23T18:27:45.438Z,2025-08-24,06:27,Pacific/Auckland,classical,72,64,22,28,37,55,73,
2025-08-24T16:56:47.281Z,2025-08-25,04:56,Pacific/Auckland,classical,68,60,33,33,44,57,74,
2025-08-25T02:30:01.865Z,2025-08-25,14:30,Pacific/Auckland,classical,76,68,31,34,40,59,81,
2025-08-25T08:50:49.619Z,2025-08-25,20:50,Pacific/Auckland,classical,72,68,24,34,35,51,64,
2025-08-25T20:42:46.386Z,2025-08-26,08:42,Pacific/Auckland,classical,72,60,30,34,42,60,81,
2025-08-26T04:50:38.043Z,2025-08-26,16:50,Pacific/Auckland,classical,60,60,24,30,44,46,63,
2025-08-26T17:42:13.756Z,2025-08-27,05:42,Pacific/Auckland,classical,72,68,29,29,41,54,60,
2025-09-01T20:35:25.778Z,2025-09-02,08:35,Pacific/Auckland,classical,76,68,25,30,22,26,32,
2025-09-02T03:00:44.150Z,2025-09-02,15:00,Pacific/Auckland,classical,76,72,26,29,22,26,30,
2025-09-02T18:09:42.111Z,2025-09-03,06:09,Pacific/Auckland,classical,72,68,25,32,21,22,31,
2025-09-02T21:31:40.822Z,2025-09-03,09:31,Pacific/Auckland,classical,72,68,27,29,28,28,24,
2025-09-03T04:31:33.521Z,2025-09-03,16:31,Pacific/Auckland,classical,72,76,29,36,25,28,37,
2025-09-03T09:33:57.461Z,2025-09-03,21:33,Pacific/Auckland,classical,76,64,24,33,25,32,36,
2025-09-03T20:31:30.675Z,2025-09-04,08:31,Pacific/Auckland,classical,72,64,28,31,22,33,22,
2025-09-05T09:28:23.931Z,2025-09-05,21:28,Pacific/Auckland,classical,72,68,29,32,32,41,48,
2025-09-05T23:31:41.815Z,2025-09-06,11:31,Pacific/Auckland,classical,64,64,23,32,30,25,21,
2025-09-06T08:53:39.048Z,2025-09-06,20:53,Pacific/Auckland,classical,72,68,21,27,26,34,46,
2025-09-06T20:59:27.896Z,2025-09-07,08:59,Pacific/Auckland,classical,64,60,21,25,42,48,25,
2025-09-07T03:39:47.305Z,2025-09-07,15:39,Pacific/Auckland,classical,76,68,29,25,41,42,43,
2025-09-07T09:01:18.078Z,2025-09-07,21:01,Pacific/Auckland,classical,68,64,25,25,32,41,52,
2025-09-07T21:10:32.017Z,2025-09-08,09:10,Pacific/Auckland,classical,68,60,21,26,31,52,26,
2025-09-08T04:30:51.591Z,2025-09-08,16:30,Pacific/Auckland,classical,68,64,21,25,43,23,25,
2025-09-08T09:57:47.290Z,2025-09-08,21:57,Pacific/Auckland,classical,72,64,18,24,31,44,52,
2025-09-08T18:01:39.983Z,2025-09-09,06:01,Pacific/Auckland,classical,80,72,21,26,32,23,28,
2025-09-09T04:36:25.627Z,2025-09-09,16:36,Pacific/Auckland,classical,68,64,25,29,45,24,33,
2025-09-09T09:09:55.333Z,2025-09-09,21:09,Pacific/Auckland,classical,68,68,20,26,42,48,61,
2025-09-10T10:05:42.512Z,2025-09-10,22:05,Pacific/Auckland,classical,68,68,23,31,34,44,65,
2025-09-11T00:07:14.961Z,2025-09-11,12:07,Pacific/Auckland,classical,68,68,23,28,49,26,29,
2025-09-11T05:41:09.736Z,2025-09-11,17:41,Pacific/Auckland,classical,72,76,23,26,46,29,30,
2025-09-11T09:44:06.951Z,2025-09-11,21:44,Pacific/Auckland,classical,72,72,21,27,43,52,70,
2025-09-12T08:17:35.367Z,2025-09-12,20:17,Pacific/Auckland,classical,80,68,13,21,31,40,52,
2025-09-12T20:32:55.654Z,2025-09-13,08:32,Pacific/Auckland,classical,72,68,21,24,36,32,47,
2025-09-13T07:16:06.482Z,2025-09-13,19:16,Pacific/Auckland,classical,72,68,19,25,24,36,48,
2025-09-13T10:07:19.604Z,2025-09-13,22:07,Pacific/Auckland,classical,68,68,19,27,25,31,53,
2025-09-13T18:01:30.007Z,2025-09-14,06:01,Pacific/Auckland,classical,72,68,19,25,23,31,44,
2025-09-14T04:57:29.658Z,2025-09-14,16:57,Pacific/Auckland,classical,72,80,22,23,31,42,51,
2025-09-14T09:26:40.407Z,2025-09-14,21:26,Pacific/Auckland,classical,88,72,23,26,29,44,64,
2025-09-14T20:13:51.238Z,2025-09-15,08:13,Pacific/Auckland,classical,68,68,21,27,31,41,50,
2025-09-15T06:35:21.294Z,2025-09-15,18:35,Pacific/Auckland,classical,72,68,20,26,33,45,64,
2025-09-15T10:06:24.571Z,2025-09-15,22:06,Pacific/Auckland,classical,80,68,18,28,25,42,61,
2025-09-15T15:30:39.565Z,2025-09-16,03:30,Pacific/Auckland,classical,72,68,22,31,35,43,60,
2025-09-16T21:31:16.707Z,2025-09-17,09:31,Pacific/Auckland,classical,68,64,23,29,31,45,51,
2025-09-17T02:34:16.419Z,2025-09-17,14:34,Pacific/Auckland,classical,68,64,22,29,35,42,55,
2025-09-17T17:41:47.246Z,2025-09-18,05:41,Pacific/Auckland,classical,68,68,22,28,35,41,68,
2025-09-17T23:52:24.631Z,2025-09-18,11:52,Pacific/Auckland,classical,68,64,19,23,38,43,65,
2025-09-18T09:09:04.958Z,2025-09-18,21:09,Pacific/Auckland,classical,68,64,20,22,35,45,58,
2025-09-18T17:41:25.063Z,2025-09-19,05:41,Pacific/Auckland,classical,68,68,22,25,42,22,26,
2025-09-19T04:40:49.298Z,2025-09-19,16:40,Pacific/Auckland,classical,72,92,25,27,42,30,28,
2025-09-19T09:39:33.422Z,2025-09-19,21:39,Pacific/Auckland,classical,100,80,19,21,36,42,53,
2025-09-19T17:42:17.194Z,2025-09-20,05:42,Pacific/Auckland,classical,68,68,20,23,40,47,61,
2025-09-20T09:51:51.494Z,2025-09-20,21:51,Pacific/Auckland,classical,92,72,22,23,36,47,62,
2025-09-20T21:25:25.305Z,2025-09-21,09:25,Pacific/Auckland,classical,68,64,26,32,40,52,66,
2025-09-21T05:09:44.896Z,2025-09-21,17:09,Pacific/Auckland,classical,96,80,23,26,40,44,55,
2025-09-21T22:36:29.052Z,2025-09-22,10:36,Pacific/Auckland,classical,68,64,23,28,35,42,71,
2025-09-22T05:06:22.618Z,2025-09-22,17:06,Pacific/Auckland,classical,80,76,19,23,31,40,32,
2025-09-22T17:32:06.455Z,2025-09-23,05:32,Pacific/Auckland,classical,76,76,24,23,30,43,52,
2025-09-23T05:10:56.230Z,2025-09-23,17:10,Pacific/Auckland,classical,80,72,23,27,36,51,55,
2025-09-23T18:37:49.229Z,2025-09-24,06:37,Pacific/Auckland,classical,72,68,23,26,35,51,55,
2025-09-23T23:07:01.282Z,2025-09-24,11:07,Pacific/Auckland,classical,80,76,18,22,33,44,55,
2025-09-24T01:52:34.174Z,2025-09-24,13:52,Pacific/Auckland,classical,76,76,21,24,35,47,25,
2025-09-24T08:50:22.014Z,2025-09-24,20:50,Pacific/Auckland,classical,84,80,19,22,35,40,45,
2025-09-24T21:07:42.334Z,2025-09-25,09:07,Pacific/Auckland,classical,76,72,22,25,37,45,62,
2025-09-25T01:39:57.442Z,2025-09-25,13:39,Pacific/Auckland,classical,76,68,22,28,35,43,42,
2025-09-25T22:16:22.393Z,2025-09-26,10:16,Pacific/Auckland,classical,76,72,24,33,36,46,61,
2025-09-26T08:09:58.251Z,2025-09-26,20:09,Pacific/Auckland,classical,76,68,22,24,37,45,62,
2025-09-26T20:26:42.754Z,2025-09-27,08:26,Pacific/Auckland,classical,72,64,27,30,41,53,71,
2025-09-27T00:52:33.083Z,2025-09-27,12:52,Pacific/Auckland,classical,72,72,22,22,35,45,54,
2025-09-27T09:03:14.169Z,2025-09-27,21:03,Pacific/Auckland,classical,80,72,20,24,33,41,56,
2025-09-27T20:03:09.925Z,2025-09-28,09:03,Pacific/Auckland,classical,68,64,28,26,35,51,73,
2025-09-28T09:04:48.936Z,2025-09-28,22:04,Pacific/Auckland,classical,72,68,23,24,35,42,55,
2025-09-28T17:47:06.937Z,2025-09-29,06:47,Pacific/Auckland,classical,72,64,26,32,41,53,70,
2025-09-29T08:57:54.387Z,2025-09-29,21:57,Pacific/Auckland,classical,72,64,28,24,35,42,55,
2025-09-30T02:50:02.539Z,2025-09-30,15:50,Pacific/Auckland,classical,68,64,28,35,42,55,71,
2025-09-30T22:19:21.223Z,2025-10-01,11:19,Pacific/Auckland,classical,64,64,23,30,39,51,61,
2025-10-01T09:46:19.961Z,2025-10-01,22:46,Pacific/Auckland,classical,72,68,26,28,37,45,56,
2025-10-01T21:12:23.580Z,2025-10-02,10:12,Pacific/Auckland,classical,64,64,22,25,37,64,73,
2025-10-02T23:09:37.847Z,2025-10-03,12:09,Pacific/Auckland,classical,80,72,22,25,37,24,24,
2025-10-03T08:38:21.667Z,2025-10-03,21:38,Pacific/Auckland,classical,68,60,25,27,36,43,65,
2025-10-04T21:33:55.158Z,2025-10-05,10:33,Pacific/Auckland,classical,64,60,25,28,40,53,65,
2025-10-05T07:18:42.548Z,2025-10-05,20:18,Pacific/Auckland,classical,72,68,21,22,35,42,50,
2025-10-05T21:27:11.018Z,2025-10-06,10:27,Pacific/Auckland,classical,68,64,21,26,36,23,31,
2025-11-09T22:45:00.000Z,2025-11-10,11:45,Pacific/Auckland,diminished,84,84,20,24,0,0,0,
2025-11-10T08:03:00.000Z,2025-11-10,21:03,Pacific/Auckland,diminished,68,64,19,20,0,0,0,
2025-11-10T22:50:00.000Z,2025-11-11,11:50,Pacific/Auckland,diminished,76,72,17,19,0,0,0,
2025-11-11T06:20:00.000Z,2025-11-11,19:20,Pacific/Auckland,diminished,76,72,20,21,0,0,0,
2025-11-11T09:30:00.000Z,2025-11-11,22:30,Pacific/Auckland,diminished,70,64,21,22,0,0,0,
2025-11-11T17:45:00.000Z,2025-11-12,06:45,Pacific/Auckland,diminished,74,68,19,21,0,0,0,
2025-11-11T22:30:00.000Z,2025-11-12,11:30,Pacific/Auckland,diminished,72,72,18,20,38,0,0,
2025-11-12T09:00:00.000Z,2025-11-12,22:00,Pacific/Auckland,diminished,72,68,18,20,41,0,0,
2025-11-12T18:20:00.000Z,2025-11-13,07:20,Pacific/Auckland,diminished,64,64,22,23,42,0,0,
2025-11-12T22:30:00.000Z,2025-11-13,11:30,Pacific/Auckland,diminished,68,72,18,23,33,0,0,
2025-11-13T23:40:00.000Z,2025-11-14,12:40,Pacific/Auckland,diminished,72,68,18,21,40,0,0,
2025-11-14T03:15:00.000Z,2025-11-14,16:15,Pacific/Auckland,diminished,72,68,18,21,49,0,0,
2025-11-14T07:40:00.000Z,2025-11-14,20:40,Pacific/Auckland,diminished,64,64,19,21,39,0,0,
2025-11-14T17:30:00.000Z,2025-11-15,06:30,Pacific/Auckland,diminished,68,64,18,24,41,0,0,allowed stronger hunger
2025-11-15T09:00:00.000Z,2025-11-15,22:00,Pacific/Auckland,diminished,56,64,17,20,39,0,0,two skipped beats
2025-11-15T18:15:00.000Z,2025-11-16,07:15,Pacific/Auckland,diminished,73,67,22,25,42,0,0,
2025-11-16T04:50:00.000Z,2025-11-16,17:50,Pacific/Auckland,diminished,64,64,21,25,39,0,0,
2025-11-16T09:30:00.000Z,2025-11-16,22:30,Pacific/Auckland,diminished,64,60,22,21,42,0,0,
2025-11-16T18:20:00.000Z,2025-11-17,07:20,Pacific/Auckland,diminished,68,64,22,22,41,0,0,ankle quite sore
2025-11-17T08:05:00.000Z,2025-11-17,21:05,Pacific/Auckland,diminished,68,64,21,19,44,0,0,
2025-11-17T18:20:00.000Z,2025-11-18,07:20,Pacific/Auckland,diminished,68,68,21,23,38,0,0,
2025-11-17T21:44:00.000Z,2025-11-18,10:44,Pacific/Auckland,diminished,72,76,21,22,37,0,0,
2025-11-18T03:50:00.000Z,2025-11-18,16:50,Pacific/Auckland,diminished,72,68,19,21,0,0,0,
2025-11-18T09:20:00.000Z,2025-11-18,22:20,Pacific/Auckland,diminished,76,64,22,25,0,0,0,
2025-11-18T19:15:00.000Z,2025-11-19,08:15,Pacific/Auckland,diminished,68,64,21,24,0,0,0,
2025-11-19T09:15:00.000Z,2025-11-19,22:15,Pacific/Auckland,diminished,64,60,21,23,0,0,0,
2025-11-19T21:12:00.000Z,2025-11-20,10:12,Pacific/Auckland,diminished,64,64,20,21,0,0,0,
2025-11-20T03:12:00.000Z,2025-11-20,16:12,Pacific/Auckland,diminished,72,68,19,22,0,0,0,
2025-11-20T08:30:00.000Z,2025-11-20,21:30,Pacific/Auckland,diminished,72,68,18,23,0,0,0,
2025-11-21T05:50:00.000Z,2025-11-21,18:50,Pacific/Auckland,diminished,68,68,20,23,0,0,0,
2025-11-21T09:30:00.000Z,2025-11-21,22:30,Pacific/Auckland,diminished,84,76,19,23,0,0,0,after sauna
2025-11-22T01:15:00.000Z,2025-11-22,14:15,Pacific/Auckland,diminished,68,68,20,24,0,0,0,many distractions
2025-11-22T09:30:00.000Z,2025-11-22,22:30,Pacific/Auckland,diminished,64,64,21,22,0,0,0,after wine & rocky road
2025-11-22T17:30:00.000Z,2025-11-23,06:30,Pacific/Auckland,diminished,84,72,20,23,0,0,0,shortly after walk
2025-11-23T10:15:00.000Z,2025-11-23,23:15,Pacific/Auckland,diminished,72,72,20,23,0,0,0,after wine & ice cream
2025-11-24T01:00:00.000Z,2025-11-24,14:00,Pacific/Auckland,diminished,72,68,20,21,0,0,0,"after walk, tired and falling asleep"
2025-11-24T10:00:00.000Z,2025-11-24,23:00,Pacific/Auckland,diminished,68,68,18,19,0,0,0,
2025-11-24T20:11:00.000Z,2025-11-25,09:11,Pacific/Auckland,diminished,68,68,19,24,0,0,0,
2025-11-25T00:40:00.000Z,2025-11-25,13:40,Pacific/Auckland,diminished,80,76,20,21,0,0,0,"after walk, tired and falling asleep"
2025-11-25T04:10:00.000Z,2025-11-25,17:10,Pacific/Auckland,diminished,64,64,22,22,0,0,0,
2025-11-25T08:10:00.000Z,2025-11-25,21:10,Pacific/Auckland,diminished,76,70,17,21,0,0,0,
2025-11-25T18:50:00.000Z,2025-11-26,07:50,Pacific/Auckland,diminished,80,80,19,20,0,0,0,sitting in chair with good posture
2025-11-26T08:50:00.000Z,2025-11-26,21:50,Pacific/Auckland,diminished,72,68,20,20,0,0,0,
2025-11-27T03:10:00.000Z,2025-11-27,16:10,Pacific/Auckland,diminished,72,68,21,23,0,0,0,
2025-11-27T18:20:00.000Z,2025-11-28,07:20,Pacific/Auckland,diminished,68,68,19,18,0,0,0,
2025-11-28T05:05:00.000Z,2025-11-28,18:05,Pacific/Auckland,diminished,84,92,21,18,0,0,0,sitting in chair with good posture
2025-11-28T06:05:00.000Z,2025-11-28,19:05,Pacific/Auckland,diminished,76,68,17,20,37,0,0,
2025-11-28T18:05:00.000Z,2025-11-29,07:05,Pacific/Auckland,diminished,84,78,17,21,36,0,0,immediately after walk
2025-11-29T01:30:00.000Z,2025-11-29,14:30,Pacific/Auckland,diminished,72,66,24,27,51,0,0,fasted
2025-11-29T08:00:00.000Z,2025-11-29,21:00,Pacific/Auckland,diminished,76,64,20,22,39,0,0,
2025-11-29T20:55:00.000Z,2025-11-30,09:55,Pacific/Auckland,diminished,72,70,23,23,41,0,0,
2025-11-30T03:30:00.000Z,2025-11-30,16:30,Pacific/Auckland,diminished,70,66,18,23,46,0,0,new taller chair
2025-11-30T09:15:00.000Z,2025-11-30,22:15,Pacific/Auckland,diminished,68,68,19,20,31,0,0,
2025-11-30T20:45:00.000Z,2025-12-01,09:45,Pacific/Auckland,diminished,60,60,23,24,51,0,0,
2025-12-01T03:10:00.000Z,2025-12-01,16:10,Pacific/Auckland,diminished,68,64,21,26,42,0,0,
2025-12-01T08:55:00.000Z,2025-12-01,21:55,Pacific/Auckland,diminished,68,64,19,21,42,0,0,
2025-12-01T19:30:00.000Z,2025-12-02,08:30,Pacific/Auckland,diminished,72,66,21,23,45,0,0,
2025-12-02T09:00:00.000Z,2025-12-02,22:00,Pacific/Auckland,diminished,68,72,23,18,0,0,0,
2025-12-02T19:07:00.000Z,2025-12-03,08:07,Pacific/Auckland,diminished,72,72,19,23,0,0,0,music talis scholars
2025-12-03T02:30:00.000Z,2025-12-03,15:30,Pacific/Auckland,diminished,76,72,21,23,0,0,0,music talis scholars
2025-12-03T09:00:00.000Z,2025-12-03,22:00,Pacific/Auckland,diminished,68,66,18,21,0,0,0,music talis scholars
2025-12-03T19:10:00.000Z,2025-12-04,08:10,Pacific/Auckland,diminished,64,68,21,21,0,0,0,music talis scholars / tink grumpy
2025-12-04T03:45:00.000Z,2025-12-04,16:45,Pacific/Auckland,diminished,76,72,21,26,0,0,0,nicky suggested no EP as an experiment
2025-12-04T08:45:00.000Z,2025-12-04,21:45,Pacific/Auckland,diminished,74,68,19,25,52,0,0,deliberate air hunger
2025-12-05T04:30:00.000Z,2025-12-05,17:30,Pacific/Auckland,diminished,72,72,22,25,55,0,0,stressed about shooter & police
2025-12-05T09:05:00.000Z,2025-12-05,22:05,Pacific/Auckland,diminished,72,68,22,27,41,0,0,cupped hands over nose for DB
2025-12-06T01:10:00.000Z,2025-12-06,14:10,Pacific/Auckland,diminished,68,68,18,30,49,0,0,
2025-12-06T08:00:00.000Z,2025-12-06,21:00,Pacific/Auckland,diminished,70,68,20,24,42,0,0,
2025-12-06T21:00:00.000Z,2025-12-07,10:00,Pacific/Auckland,diminished,72,72,20,27,43,0,0,stressy dog walk & canine interruptus
2025-12-07T02:05:00.000Z,2025-12-07,15:05,Pacific/Auckland,diminished,68,66,22,28,51,0,0,
2025-12-07T08:45:00.000Z,2025-12-07,21:45,Pacific/Auckland,diminished,72,70,21,25,55,0,0,too much dinner
2025-12-09T08:55:00.000Z,2025-12-09,21:55,Pacific/Auckland,diminished,68,64,19,22,41,0,0,back from Kāpiti island
2025-12-09T19:10:00.000Z,2025-12-10,08:10,Pacific/Auckland,diminished,72,64,21,26,46,0,0,
2025-12-10T01:00:00.000Z,2025-12-10,14:00,Pacific/Auckland,diminished,70,64,20,27,52,0,0,
2025-12-10T08:10:00.000Z,2025-12-10,21:10,Pacific/Auckland,diminished,68,62,19,26,41,0,0,
2025-12-10T18:15:00.000Z,2025-12-11,07:15,Pacific/Auckland,diminished,76,72,21,26,48,0,0,
2025-12-10T20:50:00.000Z,2025-12-11,09:50,Pacific/Auckland,diminished,60,68,21,31,47,0,0,two hour river swim (tubing)
2025-12-12T01:30:00.000Z,2025-12-12,14:30,Pacific/Auckland,diminished,72,68,22,36,42,0,0,breathing into cupped hands after EP
2025-12-12T07:20:00.000Z,2025-12-12,20:20,Pacific/Auckland,diminished,72,68,21,22,41,0,0,"feeling crap, headache nausea"
2025-12-12T17:45:00.000Z,2025-12-13,06:45,Pacific/Auckland,diminished,76,72,19,23,51,0,0,headache
2025-12-13T02:00:00.000Z,2025-12-13,15:00,Pacific/Auckland,diminished,76,72,22,31,43,0,0,"headache slightly better, cupped hands"
2025-12-13T08:10:00.000Z,2025-12-13,21:10,Pacific/Auckland,diminished,76,72,21,22,39,0,0,headache mostly gone
2025-12-13T21:45:00.000Z,2025-12-14,10:45,Pacific/Auckland,diminished,68,68,19,22,41,0,0,some headache
2025-12-14T03:00:00.000Z,2025-12-14,16:00,Pacific/Auckland,diminished,80,76,20,28,53,0,0,"pulse not scratchy, cupped hands"
2025-12-14T08:50:00.000Z,2025-12-14,21:50,Pacific/Auckland,diminished,68,68,19,21,43,0,0,headache gone
2025-12-14T19:00:00.000Z,2025-12-15,08:00,Pacific/Auckland,diminished,76,72,19,25,51,0,0,
2025-12-15T01:55:00.000Z,2025-12-15,14:55,Pacific/Auckland,diminished,72,72,19,23,41,0,0,
2025-12-15T17:20:00.000Z,2025-12-16,06:20,Pacific/Auckland,diminished,64,64,21,24,50,0,0,"no control, just relax"
2025-12-16T08:30:00.000Z,2025-12-16,21:30,Pacific/Auckland,diminished,62,60,19,25,51,0,0,"no control, just relax"
2025-12-16T21:20:00.000Z,2025-12-17,10:20,Pacific/Auckland,diminished,60,60,20,25,52,0,0,"no control, just relax"
2025-12-17T03:40:00.000Z,2025-12-17,16:40,Pacific/Auckland,diminished,68,64,20,23,41,0,0,
2025-12-17T09:15:00.000Z,2025-12-17,22:15,Pacific/Auckland,diminished,56,60,21,26,43,0,0,
2025-12-17T21:00:00.000Z,2025-12-18,10:00,Pacific/Auckland,diminished,0,68,0,23,35,0,0,experiment
2025-12-18T04:15:00.000Z,2025-12-18,17:15,Pacific/Auckland,diminished,0,72,18,22,38,0,0,experiment
2025-12-18T08:30:00.000Z,2025-12-18,21:30,Pacific/Auckland,diminished,64,68,21,26,43,0,0,suddenly better at relaxing belly
2025-12-19T03:30:00.000Z,2025-12-19,16:30,Pacific/Auckland,diminished,64,60,21,26,47,0,0,
2025-12-19T09:00:00.000Z,2025-12-19,22:00,Pacific/Auckland,diminished,68,68,19,27,37,0,0,
2025-12-20T03:45:00.000Z,2025-12-20,16:45,Pacific/Auckland,diminished,68,68,22,26,43,0,0,
2025-12-20T10:50:00.000Z,2025-12-20,23:50,Pacific/Auckland,diminished,68,66,20,23,26,0,0,
2025-12-20T21:50:00.000Z,2025-12-21,10:50,Pacific/Auckland,diminished,64,64,19,23,41,0,0,
2025-12-21T10:00:00.000Z,2025-12-21,23:00,Pacific/Auckland,diminished,64,68,18,24,41,0,0,
2025-12-21T18:45:00.000Z,2025-12-22,07:45,Pacific/Auckland,diminished,64,64,20,19,41,0,0,
2025-12-21T19:44:00.000Z,2025-12-22,08:44,Pacific/Auckland,diminished,68,68,21,22,43,0,0,
2025-12-22T20:30:00.000Z,2025-12-23,09:30,Pacific/Auckland,diminished,68,66,23,25,46,0,0,
2025-12-23T03:00:00.000Z,2025-12-23,16:00,Pacific/Auckland,diminished,80,80,24,23,36,0,0,
2025-12-23T20:30:00.000Z,2025-12-24,09:30,Pacific/Auckland,diminished,76,72,17,21,49,0,0,"after paddock walk, pulse high, tink sick"
2025-12-24T09:00:00.000Z,2025-12-24,22:00,Pacific/Auckland,diminished,82,82,17,21,37,0,0,
2025-12-25T03:00:00.000Z,2025-12-25,16:00,Pacific/Auckland,diminished,88,80,18,23,45,0,0,
2025-12-25T18:50:00.000Z,2025-12-26,07:50,Pacific/Auckland,diminished,78,78,20,23,37,0,0,
2025-12-26T09:00:00.000Z,2025-12-26,22:00,Pacific/Auckland,diminished,60,60,21,24,51,0,0,SHB on both pulses
2025-12-26T18:00:00.000Z,2025-12-27,07:00,Pacific/Auckland,mcp,0,0,16,0,0,0,0,
2025-12-26T18:30:00.000Z,2025-12-27,07:30,Pacific/Auckland,diminished,80,72,19,22,43,0,0,
2025-12-27T01:50:00.000Z,2025-12-27,14:50,Pacific/Auckland,diminished,70,70,25,26,52,0,0,
2025-12-27T08:40:00.000Z,2025-12-27,21:40,Pacific/Auckland,diminished,68,68,21,21,41,0,0,
2025-12-28T02:20:00.000Z,2025-12-28,15:20,Pacific/Auckland,diminished,72,72,20,22,29,0,0,
2025-12-28T09:00:00.000Z,2025-12-28,22:00,Pacific/Auckland,diminished,74,68,20,24,42,0,0,
2025-12-28T18:30:00.000Z,2025-12-29,07:30,Pacific/Auckland,diminished,76,76,19,21,50,0,0,mild headache all day
2025-12-29T02:45:00.000Z,2025-12-29,15:45,Pacific/Auckland,diminished,72,72,20,22,41,0,0,"oh for fuck’s sake, same as lying down!"
2025-12-29T09:30:00.000Z,2025-12-29,22:30,Pacific/Auckland,diminished,60,56,22,26,44,0,0,SHB
2025-12-29T19:10:00.000Z,2025-12-30,08:10,Pacific/Auckland,diminished,68,70,21,18,48,0,0,"bad sleep, no walk"
2025-12-30T03:30:00.000Z,2025-12-30,16:30,Pacific/Auckland,diminished,64,66,21,24,53,0,0,
2025-12-30T09:30:00.000Z,2025-12-30,22:30,Pacific/Auckland,diminished,64,68,19,24,31,0,0,
2025-12-30T21:30:00.000Z,2025-12-31,10:30,Pacific/Auckland,diminished,64,66,24,30,31,0,0,
2025-12-31T03:50:00.000Z,2025-12-31,16:50,Pacific/Auckland,diminished,84,80,21,27,38,0,0,
2025-12-31T09:50:00.000Z,2025-12-31,22:50,Pacific/Auckland,diminished,72,68,22,28,41,0,0,
2025-12-31T20:30:00.000Z,2026-01-01,09:30,Pacific/Auckland,diminished,80,68,22,26,47,0,0,canine interuptus
2026-01-01T08:40:00.000Z,2026-01-01,21:40,Pacific/Auckland,diminished,64,54,22,26,42,0,0,
2026-01-02T01:00:00.000Z,2026-01-02,14:00,Pacific/Auckland,diminished,56,60,24,31,43,0,0,SHB
2026-01-03T00:00:00.000Z,2026-01-03,13:00,Pacific/Auckland,diminished,80,76,18,23,32,0,0,sitting in chair
2026-01-03T06:45:00.000Z,2026-01-03,19:45,Pacific/Auckland,diminished,72,72,20,22,40,0,0,
2026-01-03T19:30:00.000Z,2026-01-04,08:30,Pacific/Auckland,diminished,68,64,21,24,32,0,0,"SHB, sitting in chair"
2026-01-03T23:45:00.000Z,2026-01-04,12:45,Pacific/Auckland,diminished,76,56,20,31,37,0,0,
2026-01-05T02:15:00.000Z,2026-01-05,15:15,Pacific/Auckland,diminished,72,68,22,25,47,0,0,SHB
2026-01-05T10:15:00.000Z,2026-01-05,23:15,Pacific/Auckland,diminished,76,60,17,19,41,0,0,SHB
2026-01-05T17:30:00.000Z,2026-01-06,06:30,Pacific/Auckland,mcp,0,0,16,0,0,0,0,
2026-01-05T17:40:00.000Z,2026-01-06,06:40,Pacific/Auckland,diminished,68,66,22,24,22,0,0,
2026-01-06T06:00:00.000Z,2026-01-06,19:00,Pacific/Auckland,diminished,68,72,24,27,24,0,0,
2026-01-06T09:30:00.000Z,2026-01-06,22:30,Pacific/Auckland,diminished,68,64,22,25,0,0,0,SHB (1)
2026-01-06T19:30:00.000Z,2026-01-07,08:30,Pacific/Auckland,diminished,64,62,23,29,30,0,0,"no control, just relax relax relax"
2026-01-07T02:00:00.000Z,2026-01-07,15:00,Pacific/Auckland,diminished,68,72,18,25,22,0,0,
2026-01-07T18:00:00.000Z,2026-01-08,07:00,Pacific/Auckland,mcp,0,0,20,0,0,0,0,
2026-01-07T19:45:00.000Z,2026-01-08,08:45,Pacific/Auckland,diminished,72,60,27,32,34,0,0,
2026-01-08T02:00:00.000Z,2026-01-08,15:00,Pacific/Auckland,diminished,72,68,26,29,23,0,0,
2026-01-08T09:30:00.000Z,2026-01-08,22:30,Pacific/Auckland,diminished,72,68,23,27,27,0,0,
2026-01-08T18:00:00.000Z,2026-01-09,07:00,Pacific/Auckland,mcp,0,0,20,0,0,0,0,
2026-01-09T02:00:00.000Z,2026-01-09,15:00,Pacific/Auckland,diminished,80,76,22,28,29,0,0,
2026-01-09T09:15:00.000Z,2026-01-09,22:15,Pacific/Auckland,diminished,72,68,24,27,23,0,0,
2026-01-09T18:00:00.000Z,2026-01-10,07:00,Pacific/Auckland,mcp,0,0,20,0,0,0,0,
2026-01-10T03:30:00.000Z,2026-01-10,16:30,Pacific/Auckland,diminished,72,76,22,26,22,0,0,
2026-01-10T09:15:00.000Z,2026-01-10,22:15,Pacific/Auckland,diminished,60,60,25,28,29,0,0,
2026-01-10T17:15:00.000Z,2026-01-11,06:15,Pacific/Auckland,diminished,68,64,21,23,22,0,0,No SHB.
2026-01-10T18:00:00.000Z,2026-01-11,07:00,Pacific/Auckland,mcp,0,0,20,0,0,0,0,
2026-01-11T02:00:00.000Z,2026-01-11,15:00,Pacific/Auckland,diminished,72,68,23,23,31,0,0,
2026-01-11T20:58:47.152Z,2026-01-12,09:58,Pacific/Auckland,mcp,0,0,15,0,0,0,0,
2026-01-11T20:59:32.001Z,2026-01-12,09:59,Pacific/Auckland,diminished,68,64,34,37,30,0,0,Over did final cp.
2026-01-12T03:16:45.620Z,2026-01-12,16:16,Pacific/Auckland,diminished,80,72,26,34,26,0,0,"Really important for me to gradually relax. If I drop into air hunger too quickly, I get palpitations.  Jaw keeps falling open I'm so relaxed, annoying."
2026-01-12T17:53:42.323Z,2026-01-13,06:53,Pacific/Auckland,mcp,0,0,17,0,0,0,0,
2026-01-12T19:46:28.389Z,2026-01-13,08:46,Pacific/Auckland,diminished,60,60,28,35,27,0,0,SHB
2026-01-13T03:12:34.285Z,2026-01-13,16:12,Pacific/Auckland,diminished,76,72,21,27,24,0,0,
2026-01-13T20:01:00.000Z,2026-01-14,09:01,Pacific/Auckland,diminished,64,68,24,34,30,0,0,
2026-01-14T01:56:48.036Z,2026-01-14,14:56,Pacific/Auckland,diminished,64,64,21,27,28,0,0,